name_ko,name_en,iso2,iso3,airport_name_ko,airport_code,currency_unit_ko,currency_code,currency_trunc_unit
가나,Ghana,GH,GHA,코토카 국제공항,ACC,세디,GHS,0
가봉,Gabon,GA,GAB,레온 엠바 국제공항,LBV,중앙아프리카 CFA 프랑,XAF,0
가이아나공화국,Guyana,GY,GUY,체디 자간 국제공항,GEO,가이아나 달러,GYD,0
감비아,Gambia,GM,GMB,반줄 국제공항,BJL,달라시,GMD,0
과테말라,Guatemala,GT,GTM,라 아우로라 국제공항,GUA,케찰,GTQ,0
그레나다,Grenada,GD,GRD,모리스 비숍 국제공항,GND,동카리브 달러,XCD,0
그리스,Greece,GR,GRC,아테네 국제공항,ATH,유로,EUR,1
기니,Guinea,GN,GIN,코나크리 국제공항,CKY,기니 프랑,GNF,0
기니비사우,Guinea-Bissau,GW,GNB,오스발도 비에이라 국제공항,OXB,서아프리카 CFA 프랑,XOF,0
나미비아,Namibia,NA,NAM,호세아 쿠타코 국제공항,WDH,나미비아 달러 (남아공 랜드 통용),NAD,0
나우루,Nauru,NR,NRU,나우루 국제공항,INU,호주 달러,AUD,1
나이지리아,Nigeria,NG,NGA,무르탈라 모하메드 국제공항 (라고스),LOS,나이라,NGN,0
남수단,South Sudan,SS,SSD,주바 국제공항,JUB,남수단 파운드,SSP,0
남아프리카공화국,South Africa,ZA,ZAF,O.R. 탐보 국제공항 (요하네스버그),JNB,랜드,ZAR,1
네덜란드,Netherlands,NL,NLD,암스테르담 스키폴 공항,AMS,유로,EUR,1
네팔,Nepal,NP,NPL,트리부반 국제공항,KTM,네팔 루피,NPR,1
노르웨이,Norway,NO,NOR,오슬로 가르데르모엔 공항,OSL,노르웨이 크로네,NOK,1
뉴질랜드,New Zealand,NZ,NZL,오클랜드 국제공항,AKL,뉴질랜드 달러,NZD,1
니우에,Niue,NU,NIU,하난 국제공항,IUE,뉴질랜드 달러,NZD,1
니제르,Niger,NE,NER,디오리 하마니 국제공항,NIM,서아프리카 CFA 프랑,XOF,0
니카라과,Nicaragua,NI,NIC,아우구스토 C. 산디노 국제공항,MGA,코르도바,NIO,0
대만,Taiwan,TW,TWN,타오위안 국제공항,TPE,신 타이완 달러 (대만 달러),TWD,1
덴마크,Denmark,DK,DNK,코펜하겐 카스트루프 공항,CPH,덴마크 크로네,DKK,1
도미니카공화국,Dominican Republic,DO,DOM,푼타 카나 국제공항 (또는 라스 아메리카스 SDQ),PUJ,도미니카 페소,DOP,0
도미니카연방,Dominica,DM,DMA,더글라스 찰스 공항,DOM,동카리브 달러,XCD,0
독일,Germany,DE,DEU,프랑크푸르트 암마인 공항,FRA,유로,EUR,1
동티모르,Timor-Leste,TL,TLS,프레지덴테 니콜라우 로바토 국제공항,DIL,미국 달러,USD,1
라오스,Laos,LA,LAO,왓따이 국제공항,VTE,킵,LAK,0
라이베리아,Liberia,LR,LBR,로버츠 국제공항,ROB,라이베리아 달러,LRD,0
라트비아,Latvia,LV,LVA,리가 국제공항,RIX,유로,EUR,1
러시아,Russia,RU,RUS,셰레메티예보 국제공항,SVO,루블,RUB,1
레바논,Lebanon,LB,LBN,베이루트 라픽 하리리 국제공항,BEY,레바논 파운드,LBP,0
레소토,Lesotho,LS,LSO,모슈슈 1세 국제공항,MSU,로티 (남아공 랜드 고정),LSL,0
루마니아,Romania,RO,ROU,헨리 코안더 국제공항,OTP,레우,RON,1
룩셈부르크,Luxembourg,LU,LUX,룩셈부르크 핀델 공항,LUX,유로,EUR,1
르완다,Rwanda,RW,RWA,키갈리 국제공항,KGL,르완다 프랑,RWF,0
리비아,Libya,LY,LBY,미티가 국제공항 (트리폴리 대체),MJI,리비아 디나르,LYD,1
리투아니아,Lithuania,LT,LTU,빌뉴스 국제공항,VNO,유로,EUR,1
리히텐슈타인,Liechtenstein,LI,LIE,"(공항 없음, 스위스 취리히 이용)",ZRH,스위스 프랑,CHF,1
마다가스카르,Madagascar,MG,MDG,이바토 공항,TNR,아리아리,MGA,0
마셜제도,Marshall Islands,MH,MHL,아마타 카부아 국제공항,MAJ,미국 달러,USD,1
마이크로네시아,Federated States of Micronesia,FM,FSM,폰페이 국제공항,PNI,미국 달러,USD,1
마카오,Macao,MO,MAC,마카오 국제공항,MFM,파타카,MOP,1
말라위,Malawi,MW,MWI,릴롱궤 국제공항 (카무즈),LLW,콰차,MWK,0
말레이시아,Malaysia,MY,MYS,쿠알라룸푸르 국제공항,KUL,링깃,MYR,1
말리,Mali,ML,MLI,모디보 케이타 국제공항,BKO,서아프리카 CFA 프랑,XOF,0
멕시코,Mexico,MX,MEX,멕시코시티 국제공항 (베니토 후아레스),MEX,멕시코 페소,MXN,1
모나코,Monaco,MC,MCO,"(공항 없음, 프랑스 니스 이용)",NCE,유로,EUR,1
모로코,Morocco,MA,MAR,모하메드 5세 국제공항,CMN,디르함,MAD,0
모리셔스,Mauritius,MU,MUS,시우사구르 람굴람 국제공항,MRU,모리셔스 루피,MUR,0
모리타니아,Mauritania,MR,MRT,누악쇼트 움툰시 국제공항,NKC,우기야,MRU,0
모잠비크,Mazambique,MZ,MOZ,마푸투 국제공항,MPM,메티칼,MZN,0
몬테네그로,Montenegro,ME,MNE,포드고리차 공항,TGD,"유로 (공식 통화 아님, 실사용)",EUR,1
몰도바,Moldova,MD,MDA,키시너우 국제공항,RMO,레우,MDL,0
몰디브,Maldives,MV,MDV,벨라나 국제공항,MLE,루피야,MVR,0
몰타,Malta,MT,MLT,몰타 국제공항,MLA,유로,EUR,1
몽골,Mongolia,MN,MNG,칭기즈 칸 국제공항 (신공항),UBN,투그릭,MNT,1
미국,United States of America,US,USA,존 F. 케네디 국제공항 (대표 관문),JFK,미국 달러,USD,1
미얀마,Myanmar,MM,MMR,양곤 국제공항,RGN,짯,MMK,1
바누아투,Vanuatu,VU,VUT,바우어필드 국제공항,VLI,바투,VUV,0
바레인,Bahrain,BH,BHR,바레인 국제공항,BAH,바레인 디나르,BHD,1
바베이도스,Barbados,BB,BRB,그랜틀리 아담스 국제공항,BGI,바베이도스 달러,BBD,0
바하마,Bahamas,BS,BHS,린든 핀들링 국제공항,NAS,바하마 달러,BSD,0
방글라데시,Bangladesh,BD,BGD,하즈라트 샤잘랄 국제공항,DAC,타카,BDT,1
베냉,Benin,BJ,BEN,코토누 카제houn 공항,COO,서아프리카 CFA 프랑,XOF,0
베네수엘라,Venezuela,VE,VEN,시몬 볼리바르 국제공항,CCS,볼리바르,VES,0
베트남,Vietnam,VN,VNM,떤선녓 국제공항 (호찌민),SGN,동,VND,100
벨기에,Belgium,BE,BEL,브뤼셀 공항,BRU,유로,EUR,1
벨라루스,Belarus,BY,BLR,민스크 국제공항,MSQ,벨라루스 루블,BYN,0
벨리즈,Belize,BZ,BLZ,필립 S. W. 골드슨 국제공항,BZE,벨리즈 달러,BZD,0
보스니아헤르체고비나,Bosnia-Herzegovina,BA,BIH,사라예보 국제공항,SJJ,태환 마르카,BAM,0
보츠와나,Botswana,BW,BWA,서 세레체 카마 국제공항,GBE,pula (풀라),BWP,0
볼리비아,Bolivia,BO,BOL,비루비루 국제공항,VVI,볼리비아노,BOB,0
부룬디,Burundi,BI,BDI,멜키오르 은다다예 국제공항,BJM,부룬디 프랑,BIF,0
부르키나파소,Burkina Faso,BF,BFA,와가두구 공항,OUA,서아프리카 CFA 프랑,XOF,0
부탄,Bhutan,BT,BTN,파로 공항,PBH,눌트럼 (인도 루피 통용),BTN,0
북마케도니아,North Macedonia,MK,MKD,스코페 국제공항,SKP,데나르,MKD,0
불가리아,Bulgaria,BG,BGR,소피아 공항,SOF,레프,BGN,0
브라질,Brazil,BR,BRA,상파울루 구아룰류스 국제공항,GRU,헤알,BRL,1
브루나이,Brunei,BN,BRN,브루나이 국제공항,BWN,브루나이 달러 (싱가포르 달러 통용),BND,1
사모아,Samoa,WS,WSM,팔레올로 국제공항,APW,탈라,WST,0
사우디아라비아,Saudi Arabia,SA,SAU,킹 압둘아지즈 국제공항 (제다),JED,리얄,SAR,1
사이프러스,Cyprus,CY,CYP,라르나카 국제공항,LCA,유로,EUR,1
산마리노,San Marino,SM,SMR,"(공항 없음, 이탈리아 리미니 이용)",RMI,유로,EUR,1
상투메프린시페,Sâo Tomé & Principe,ST,STP,상투메 국제공항,TMS,도브라,STN,0
세네갈,Senegal,SN,SEN,블레즈 디아뉴 국제공항,DSS,서아프리카 CFA 프랑,XOF,0
세르비아,Serbia,RS,SRB,베오그라드 니콜라 테슬라 공항,BEG,디나르,RSD,0
세이셸,Seychelles,SC,SYC,세이셸 국제공항,SEZ,세이셸 루피,SCR,0
세인트루시아,St. Lucia,LC,LCA,헤와노라 국제공항,UVF,동카리브 달러,XCD,0
세인트빈센트그레나딘,St. Vincent & the Grenadines,VC,VCT,아가일 국제공항,SVD,동카리브 달러,XCD,0
세인트키츠네비스,St. Kitts-Nevis,KN,KNA,로버트 L. 브래드쇼 국제공항,SKB,동카리브 달러,XCD,0
소말리아,Somalia,SO,SOM,아덴 아데 국제공항,MGQ,소말리아 실링,SOS,0
솔로몬제도,Solomon Islands,SB,SLB,호니아라 국제공항,HIR,솔로몬제도 달러,SBD,0
수단,Sudan,SD,SDN,카르툼 국제공항,KRT,수단 파운드,SDG,0
수리남,Suriname,SR,SUR,요한 아돌프 펜겔 국제공항,PBM,수리남 달러,SRD,0
스리랑카,Sri Lanka,LK,LKA,반다라나이케 국제공항,CMB,스리랑카 루피,LKR,1
스웨덴,Sweden,SE,SWE,스톡홀름 알란다 공항,ARN,스웨덴 크로나,SEK,1
스위스,Swiss,CH,CHE,취리히 공항,ZRH,스위스 프랑,CHF,1
스페인,Spain,ES,ESP,마드리드 바라하스 국제공항,MAD,유로,EUR,1
슬로바키아,Slovakia,SK,SVK,브라티슬라바 공항,BTS,유로,EUR,1
슬로베니아,Slovenia,SI,SVN,류블랴나 요제 푸치니크 공항,LJU,유로,EUR,1
시리아,Syria,SY,SYR,다마스쿠스 국제공항,DAM,시리아 파운드,SYP,0
시에라리온,Sierra Leone,SL,SLE,룽기 국제공항,FNA,리온,SLE,0
싱가포르,Singapore,SG,SGP,창이 공항,SIN,싱가포르 달러,SGD,1
아랍에미리트,United Arab Emirates : UAE,AE,ARE,두바이 국제공항,DXB,디르함,AED,1
아르메니아,Armenia,AM,ARM,즈바르트노츠 국제공항,EVN,드람,AMD,0
아르헨티나,Argentina,AR,ARG,미니스트로 피스타리니(에세이사) 공항,EZE,아르헨티나 페소,ARS,0
아이슬란드,Iceland,IS,ISL,케플라비크 국제공항,KEF,아이슬란드 크로나,ISK,0
아이티,Haiti,HT,HTI,투생 루베르튀르 국제공항,PAP,구르드,HTG,0
아일랜드,Ireland,IE,IRL,더블린 공항,DUB,유로,EUR,1
아제르바이잔,Azerbaijan,AZ,AZE,헤이다르 알리예프 국제공항,GYD,마나트,AZN,0
아프가니스탄,Afghanistan,AF,AFG,카불 국제공항,KBL,아프가니,AFN,0
안도라,Andorra,AD,AND,"(공항 없음, 스페인 바르셀로나 이용)",BCN,유로,EUR,1
알바니아,Albania,AL,ALB,티라나 국제공항,TIA,레크,ALL,0
알제리,Algeria,DZ,DZA,우아리 부메디엔 공항,ALG,알제리 디나르,DZD,1
앙골라,Angola,AO,AGO,콰트로 데 페베레이로 공항,LAD,콴자,AOA,0
앤티가바부다,Antigua and Barbuda,AG,ATG,V.C. 버드 국제공항,ANU,동카리브 달러,XCD,0
에리트레아,Eritrea,ER,ERI,아스마라 국제공항,ASM,낙파,ERN,0
에스와티니,Eswatini,SZ,SWZ,킹 음스와티 3세 국제공항,SHO,릴랑게니 (남아공 랜드 통용),SZL,0
에스토니아,Estonia,EE,EST,탈린 공항,TLL,유로,EUR,1
에콰도르,Ecuador,EC,ECU,마리스칼 수크레 국제공항,UIO,미국 달러,USD,1
에티오피아,ETC,ET,ETH,아디스아바바 볼레 국제공항,ADD,비르,ETB,1
엘살바도르,El Salvador,SV,SLV,엘살바도르 국제공항,SAL,미국 달러 (비트코인도 법정화폐),USD,1
영국,United Kingdom,GB,GBR,런던 히드로 공항,LHR,파운드 스털링,GBP,1
예멘,Yemen,YE,YEM,아덴 국제공항 (사나 SAH 폐쇄 잦음),ADE,예멘 리알,YER,0
오만,Oman,OM,OMN,무스카트 국제공항,MCT,오만 리알,OMR,1
오스트리아,Austria,AT,AUT,빈 국제공항,VIE,유로,EUR,1
온두라스,Honduras,HN,HND,팔메롤라 국제공항,XPL,렘피라,HNL,0
요르단,Jordan,JO,JOR,퀸 알리아 국제공항,AMM,요르단 디나르,JOD,1
우간다,Uganda,UG,UGA,엔테베 국제공항,EBB,우간다 실링,UGX,0
우루과이,Uruguay,UY,URY,카라스코 국제공항,MVD,우루과이 페소,UYU,0
우즈베키스탄,Uzbekistan,UZ,UZB,타슈켄트 국제공항,TAS,숨,UZS,1
우크라이나,Ukraine,UA,UKR,보리스필 국제공항 (전쟁으로 폐쇄),KBP,흐리우냐,UAH,0
이라크,Iraq,IQ,IRQ,바그다드 국제공항,BGW,이라크 디나르,IQD,0
이란,Iran,IR,IRN,테헤란 이맘 호메이니 국제공항,IKA,리알,IRR,0
이스라엘,Israel,IL,ISR,벤구리온 국제공항,TLV,신 셰켈,ILS,1
이집트,Egypt,EG,EGY,카이로 국제공항,CAI,이집트 파운드,EGP,1
이탈리아,Italia,IT,ITA,로마 피우미치노 공항,FCO,유로,EUR,1
인도,India,IN,IND,인디라 간디 국제공항 (델리),DEL,인도 루피,INR,1
인도네시아,Indonesia,ID,IDN,수카르노 하타 국제공항 (자카르타),CGK,루피아,IDR,100
일본,Japan,JP,JPN,도쿄 하네다 공항 (또는 나리타 NRT),HND,엔,JPY,100
자메이카,Jamaica,JM,JAM,샹스터 국제공항,MBJ,자메이카 달러,JMD,0
잠비아,Zambia,ZM,ZMB,케네스 카운다 국제공항,LUN,콰차,ZMW,0
적도기니,Equatorial Guinea,GQ,GNQ,말라보 국제공항,SSG,중앙아프리카 CFA 프랑,XAF,0
조지아,Georgia,GE,GEO,트빌리시 국제공항,TBS,라리,GEL,0
중국,China,CN,CHN,베이징 서우두 국제공항,PEK,위안 (런민비),CNY,1
중앙아프리카공화국,Central African Republic,CF,CAF,방기 음포코 국제공항,BGF,중앙아프리카 CFA 프랑,XAF,0
지부티,Djibouti,DJ,DJI,지부티 암불리 국제공항,JIB,지부티 프랑,DJF,0
짐바브웨,Zimbabwe,ZW,ZWE,로버트 가브리엘 무가베 국제공항,HRE,짐바브웨 골드 (ZiG) 및 미국 달러,ZWG,0
차드,Chad,TD,TCD,은자메나 국제공항,NDJ,중앙아프리카 CFA 프랑,XAF,0
체코,Czech,CZ,CZE,프라하 바츨라프 하벨 공항,PRG,코루나,CZK,1
칠레,Chile,CL,CHL,아르투로 메리노 베니테스 공항,SCL,칠레 페소,CLP,1
카메룬,Cameroon,CM,CMR,두알라 국제공항,DLA,중앙아프리카 CFA 프랑,XAF,0
카보베르데,Cape Verde,CV,CPV,아밀카르 카브랄 국제공항,SID,에스쿠도,CVE,0
카자흐스탄,Kazakhstan,KZ,KAZ,알마티 국제공항,ALA,텡게,KZT,1
카타르,Qatar,QA,QAT,하마드 국제공항,DOH,리얄,QAR,1
캄보디아,Cambodia,KH,KHM,프놈펜 국제공항,PNH,리엘 (미국 달러 통용),KHR,1
캐나다,Canada,CA,CAN,토론토 피어슨 국제공항,YYZ,캐나다 달러,CAD,1
케냐,Kenya,KE,KEN,조모 케냐타 국제공항,NBO,케냐 실링,KES,1
코모로,Comoros,KM,COM,프린스 사이드 이브라힘 국제공항,HAH,코모로 프랑,KMF,0
코소보,Kosovo,XK,XKX,프리슈티나 국제공항,PRN,"유로 (공식 통화 아님, 실사용)",EUR,1
코스타리카,Costa Rica,CR,CRI,후안 산타마리아 국제공항,SJO,콜론,CRC,0
코트디부아르,Côte D'Ivoire,CI,CIV,펠릭스 우푸에 부아니 국제공항,ABJ,서아프리카 CFA 프랑,XOF,0
콜롬비아,Colombia,CO,COL,엘도라도 국제공항,BOG,콜롬비아 페소,COP,1
콩고,Congo,CG,COG,마야마야 공항,BZV,중앙아프리카 CFA 프랑,XAF,0
콩고민주공화국,Democratic Republic of Congo,CD,COD,은질리 국제공항,FIH,콩고 프랑,CDF,0
쿠바,Cuba,CU,CUB,호세 마르티 국제공항,HAV,쿠바 페소,CUP,0
쿠웨이트,Kuwait,KW,KWT,쿠웨이트 국제공항,KWI,쿠웨이트 디나르,KWD,1
쿡제도,Cook Islands,CK,COK,라로통가 국제공항,RAR,뉴질랜드 달러,NZD,1
크로아티아,Croatia,HR,HRV,자그레브 국제공항,ZAG,유로,EUR,1
키르기즈공화국,Kyrgyz Republic,KG,KGZ,마나스 국제공항,FRU,솜,KGS,0
키리바시,Kiribati,KI,KIR,본리키 국제공항,TRW,호주 달러,AUD,1
타지키스탄,Tajikistan,TJ,TJK,두샨베 국제공항,DYU,소모니,TJS,0
탄자니아,Tanzania,TZ,TZA,줄리어스 니에레레 국제공항,DAR,탄자니아 실링,TZS,1
태국,Thailand,TH,THA,수완나품 공항,BKK,바트,THB,1
토고,Togo,TG,TGO,로메 공항 (그나싱베 에야데마),LFW,서아프리카 CFA 프랑,XOF,0
통가,Tonga,TO,TON,푸아모투 국제공항,TBU,파앙가,TOP,0
투르크메니스탄,Turkmenistan,TM,TKM,아슈가바트 국제공항,ASB,마나트,TMT,0
투발루,Tuvalu,TV,TUV,푸나푸티 국제공항,FUN,호주 달러,AUD,1
튀니지,Tunisia,TN,TUN,튀니스 카르타고 국제공항,TUN,튀니지 디나르,TND,0
튀르키예,Republic of Turkiye,TR,TUR,이스탄불 공항,IST,리라,TRY,1
트리니다드토바고,Trinidad & Tobago,TT,TTO,피아르코 국제공항,POS,트리니다드 토바고 달러,TTD,0
파나마,Panama,PA,PAN,토쿠멘 국제공항,PTY,"발보아 (미국 달러와 1:1, 달러 통용)",PAB,0
파라과이,Paraguay,PY,PRY,실비오 페티로시 국제공항,ASU,과라니,PYG,0
파키스탄,Pakistan,PK,PAK,진나 국제공항 (카라치),KHI,파키스탄 루피,PKR,1
파푸아뉴기니,Papua New Guinea : PNG,PG,PNG,잭슨 국제공항,POM,키나,PGK,0
팔라우,Palau,PW,PLW,로만 트메투출 국제공항,ROR,미국 달러,USD,1
팔레스타인,Palestine,PS,PSE,"(공항 없음, 요르단 AMM/이스라엘 TLV 이용)",-,이스라엘 셰켈 / 요르단 디나르,ILS,1
페루,Peru,PE,PER,호르헤 차베스 국제공항,LIM,솔,PEN,0
포르투갈,Portugal,PT,PRT,리스본 공항 (움베르투 델가두),LIS,유로,EUR,1
폴란드,Poland,PL,POL,바르샤바 쇼팽 공항,WAW,즈워티,PLN,1
프랑스,France,FR,FRA,파리 샤를 드 골 공항,CDG,유로,EUR,1
피지,Fiji,FJ,FJI,나디 국제공항,NAN,피지 달러,FJD,1
핀란드,Finland,FI,FIN,헬싱키 반타 공항,HEL,유로,EUR,1
필리핀,Philippines,PH,PHL,니노이 아키노 국제공항,MNL,필리핀 페소,PHP,1
헝가리,Hungary,HU,HUN,부다페스트 리스트 페렌츠 공항,BUD,포린트,HUF,1
호주,Australia,AU,AUS,시드니 킹스포드 스미스 공항,SYD,호주 달러,AUD,1
홍콩,Hongkong,HK,HKG,홍콩 국제공항 (첵랍콕),HKG,홍콩 달러,HKD,1
